Ay,Ax,M,x,y,Ux,Uy,phi,t
5.0,0.0,0.0,-5.62477,47.8785,-0.022499079999999998,0.19151400000000002,0.0012245319049249124,0.723698616027832
